{"cameraMode":{"drawMode":0,"name":"Shaded","section":"Shading Mode"},"sceneLighting":false,"audioPlay":false,"sceneViewState":{"m_AlwaysRefresh":false,"showFog":true,"showSkybox":false,"showFlares":true,"showImageEffects":true,"showParticleSystems":true,"showVisualEffectGraphs":true,"m_FxEnabled":true},"in2DMode":false,"pivot":{"x":1.3245973587036133,"y":4.427859306335449,"z":10.106215476989746},"rotation":{"x":-0.01807710900902748,"y":0.9742939472198486,"z":-0.20797869563102723,"w":-0.08468244969844818},"size":1.7455862760543824,"orthographic":false}