{"cameraMode":{"drawMode":0,"name":"Shaded","section":"Shading Mode"},"sceneLighting":true,"audioPlay":false,"sceneViewState":{"m_AlwaysRefresh":false,"showFog":true,"showSkybox":true,"showFlares":true,"showImageEffects":true,"showParticleSystems":true,"showVisualEffectGraphs":true,"m_FxEnabled":true},"in2DMode":false,"pivot":{"x":-4.12048864364624,"y":-23.306732177734376,"z":20.78726577758789},"rotation":{"x":-0.4230480492115021,"y":-0.0035365677904337646,"z":0.0016514966264367104,"w":-0.9061024785041809},"size":34.24876022338867,"orthographic":false}