{"cameraMode":{"drawMode":0,"name":"Shaded","section":"Shading Mode"},"sceneLighting":true,"audioPlay":false,"sceneViewState":{"m_AlwaysRefresh":false,"showFog":true,"showSkybox":true,"showFlares":true,"showImageEffects":true,"showParticleSystems":true,"showVisualEffectGraphs":true,"m_FxEnabled":true},"in2DMode":false,"pivot":{"x":117.46755981445313,"y":687.3444213867188,"z":332.16021728515627},"rotation":{"x":-0.2198421061038971,"y":0.02222314290702343,"z":-0.005009631160646677,"w":-0.9752751588821411},"size":708.2111206054688,"orthographic":false}