{"cameraMode":{"drawMode":0,"name":"Shaded","section":"Shading Mode"},"sceneLighting":false,"audioPlay":false,"sceneViewState":{"m_AlwaysRefresh":false,"showFog":true,"showSkybox":false,"showFlares":true,"showImageEffects":true,"showParticleSystems":true,"showVisualEffectGraphs":true,"m_FxEnabled":true},"in2DMode":false,"pivot":{"x":0.08095531165599823,"y":0.36219027638435366,"z":0.11396618187427521},"rotation":{"x":-0.01807710900902748,"y":0.9742939472198486,"z":-0.20797869563102723,"w":-0.08468244969844818},"size":0.6277841329574585,"orthographic":false}