{"cameraMode":{"drawMode":0,"name":"Shaded","section":"Shading Mode"},"sceneLighting":false,"audioPlay":false,"sceneViewState":{"m_AlwaysRefresh":false,"showFog":true,"showSkybox":false,"showFlares":true,"showImageEffects":true,"showParticleSystems":true,"showVisualEffectGraphs":true,"m_FxEnabled":true},"in2DMode":false,"pivot":{"x":23.15706443786621,"y":6.067485809326172,"z":19.487260818481447},"rotation":{"x":0.00007252599607454613,"y":0.970545768737793,"z":-0.2409161478281021,"w":0.0002920121478382498},"size":1.688735842704773,"orthographic":false}