{"cameraMode":{"drawMode":0,"name":"Shaded","section":"Shading Mode"},"sceneLighting":false,"audioPlay":false,"sceneViewState":{"m_AlwaysRefresh":false,"showFog":true,"showSkybox":false,"showFlares":true,"showImageEffects":true,"showParticleSystems":true,"showVisualEffectGraphs":true,"m_FxEnabled":true},"in2DMode":false,"pivot":{"x":-2.384185791015625e-7,"y":0.9729886651039124,"z":0.013182103633880616},"rotation":{"x":-0.01807710900902748,"y":0.9742939472198486,"z":-0.20797869563102723,"w":-0.08468244969844818},"size":1.782706379890442,"orthographic":false}